Code INS;Entités administratives;Langue;Code NIS;Administratieve eenheden;Taal;;;;;;;;;
01000;ROYAUME;;01000;HET RIJK;;;;;;;;;;
04000;RÉGION DE BRUXELLES-CAPITALE;;04000;BRUSSELS HOOFDSTEDELIJK GEWEST;;;;;;;;;;
21000;Arrondissement de Bruxelles-Capitale;;21000;Arrondissement Brussel Hoofdstad;;;;;;;;;;
21001;Anderlecht;FN;21001;Anderlecht;NF;;;;;;;;;
21002;Auderghem;FN;21002;Oudergem;NF;;;;;;;;;
21003;Berchem-Sainte-Agathe;FN;21003;Sint-Agatha-Berchem;NF;;;;;;;;;
21004;Bruxelles;FN;21004;Brussel;NF;;;;;;;;;
21005;Etterbeek;FN;21005;Etterbeek;NF;;;;;;;;;
21006;Evere;FN;21006;Evere;NF;;;;;;;;;
21007;Forest;FN;21007;Vorst;NF;;;;;;;;;
21008;Ganshoren;FN;21008;Ganshoren;NF;;;;;;;;;
21009;Ixelles;FN;21009;Elsene;NF;;;;;;;;;
21010;Jette;FN;21010;Jette;NF;;;;;;;;;
21011;Koekelberg;FN;21011;Koekelberg;NF;;;;;;;;;
21012;Molenbeek-Saint-Jean;FN;21012;Sint-Jans-Molenbeek;NF;;;;;;;;;
21013;Saint-Gilles;FN;21013;Sint-Gillis;NF;;;;;;;;;
21014;Saint-Josse-ten-Noode;FN;21014;Sint-Joost-ten-Node;NF;;;;;;;;;
21015;Schaerbeek;FN;21015;Schaarbeek;NF;;;;;;;;;
21016;Uccle;FN;21016;Ukkel;NF;;;;;;;;;
21017;Watermael-Boitsfort;FN;21017;Watermaal-Bosvoorde;NF;;;;;;;;;
21018;Woluwe-Saint-Lambert;FN;21018;Sint-Lambrechts-Woluwe;NF;;;;;;;;;
21019;Woluwe-Saint-Pierre;FN;21019;Sint-Pieters-Woluwe;NF;;;;;;;;;
02000;RÉGION FLAMANDE;;02000;VLAAMS GEWEST;;;;;;;;;;
10000;Province d'Anvers;;10000;Provincie Antwerpen;;;;;;;;;;
11000;Arrondissement d'Anvers;;11000;Arrondissement Antwerpen;;;;;;;;;;
11001;Aartselaar;N;11001;Aartselaar;N;;;;;;;;;
11002;Anvers;N;11002;Antwerpen;N;;;;;;;;;
11004;Boechout;N;11004;Boechout;N;;;;;;;;;
11005;Boom;N;11005;Boom;N;;;;;;;;;
11007;Borsbeek;N;11007;Borsbeek;N;;;;;;;;;
11008;Brasschaat;N;11008;Brasschaat;N;;;;;;;;;
11009;Brecht;N;11009;Brecht;N;;;;;;;;;
11013;Edegem;N;11013;Edegem;N;;;;;;;;;
11016;Essen;N;11016;Essen;N;;;;;;;;;
11018;Hemiksem;N;11018;Hemiksem;N;;;;;;;;;
11021;Hove;N;11021;Hove;N;;;;;;;;;
11022;Kalmthout;N;11022;Kalmthout;N;;;;;;;;;
11023;Kapellen;N;11023;Kapellen;N;;;;;;;;;
11024;Kontich;N;11024;Kontich;N;;;;;;;;;
11025;Lint;N;11025;Lint;N;;;;;;;;;
11057;Malle;N;11057;Malle;N;;;;;;;;;
11029;Mortsel;N;11029;Mortsel;N;;;;;;;;;
11030;Niel;N;11030;Niel;N;;;;;;;;;
11035;Ranst;N;11035;Ranst;N;;;;;;;;;
11037;Rumst;N;11037;Rumst;N;;;;;;;;;
11038;Schelle;N;11038;Schelle;N;;;;;;;;;
11039;Schilde;N;11039;Schilde;N;;;;;;;;;
11040;Schoten;N;11040;Schoten;N;;;;;;;;;
11044;Stabroek;N;11044;Stabroek;N;;;;;;;;;
11050;Wijnegem;N;11050;Wijnegem;N;;;;;;;;;
11052;Wommelgem;N;11052;Wommelgem;N;;;;;;;;;
11053;Wuustwezel;N;11053;Wuustwezel;N;;;;;;;;;
11054;Zandhoven;N;11054;Zandhoven;N;;;;;;;;;
11055;Zoersel;N;11055;Zoersel;N;;;;;;;;;
11056;Zwijndrecht;N;11056;Zwijndrecht;N;;;;;;;;;
12000;Arrondissement de Malines;;12000;Arrondissement Mechelen;;;;;;;;;;
12002;Berlaar;N;12002;Berlaar;N;;;;;;;;;
12005;Bonheiden;N;12005;Bonheiden;N;;;;;;;;;
12007;Bornem;N;12007;Bornem;N;;;;;;;;;
12009;Duffel;N;12009;Duffel;N;;;;;;;;;
12014;Heist-op-den-Berg;N;12014;Heist-op-den-Berg;N;;;;;;;;;
12021;Lierre;N;12021;Lier;N;;;;;;;;;
12025;Malines;N;12025;Mechelen;N;;;;;;;;;
12026;Nijlen;N;12026;Nijlen;N;;;;;;;;;
12029;Putte;N;12029;Putte;N;;;;;;;;;
12041;Puurs-Sint-Amands;N;12041;Puurs-Sint-Amands;N;;;;;;;;;
12035;Sint-Katelijne-Waver;N;12035;Sint-Katelijne-Waver;N;;;;;;;;;
12040;Willebroek;N;12040;Willebroek;N;;;;;;;;;
13000;Arrondissement de Turnhout;;13000;Arrondissement Turnhout;;;;;;;;;;
13001;Arendonk;N;13001;Arendonk;N;;;;;;;;;
13002;Baerle-Duc;N;13002;Baarle-Hertog;N;;;;;;;;;
13003;Balen;N;13003;Balen;N;;;;;;;;;
13004;Beerse;N;13004;Beerse;N;;;;;;;;;
13006;Dessel;N;13006;Dessel;N;;;;;;;;;
13008;Geel;N;13008;Geel;N;;;;;;;;;
13010;Grobbendonk;N;13010;Grobbendonk;N;;;;;;;;;
13011;Herentals;N;13011;Herentals;N;;;;;;;;;
13012;Herenthout;N;13012;Herenthout;N;;;;;;;;;
13013;Herselt;N;13013;Herselt;N;;;;;;;;;
13014;Hoogstraten;N;13014;Hoogstraten;N;;;;;;;;;
13016;Hulshout;N;13016;Hulshout;N;;;;;;;;;
13017;Kasterlee;N;13017;Kasterlee;N;;;;;;;;;
13053;Laakdal;N;13053;Laakdal;N;;;;;;;;;
13019;Lille;N;13019;Lille;N;;;;;;;;;
13021;Meerhout;N;13021;Meerhout;N;;;;;;;;;
13023;Merksplas;N;13023;Merksplas;N;;;;;;;;;
13025;Mol;N;13025;Mol;N;;;;;;;;;
13029;Olen;N;13029;Olen;N;;;;;;;;;
13031;Oud-Turnhout;N;13031;Oud-Turnhout;N;;;;;;;;;
13035;Ravels;N;13035;Ravels;N;;;;;;;;;
13036;Retie;N;13036;Retie;N;;;;;;;;;
13037;Rijkevorsel;N;13037;Rijkevorsel;N;;;;;;;;;
13040;Turnhout;N;13040;Turnhout;N;;;;;;;;;
13044;Vorselaar;N;13044;Vorselaar;N;;;;;;;;;
13046;Vosselaar;N;13046;Vosselaar;N;;;;;;;;;
13049;Westerlo;N;13049;Westerlo;N;;;;;;;;;
20001;Province du Brabant Flamand;;20001;Provincie Vlaams-Brabant;;;;;;;;;;
23000;Arrondissement de Hal-Vilvorde;;23000;Arrondissement Halle-Vilvoorde;;;;;;;;;;
23105;Affligem;N;23105;Affligem;N;;;;;;;;;
23002;Asse;N;23002;Asse;N;;;;;;;;;
23003;Beersel;N;23003;Beersel;N;;;;;;;;;
23009;Biévène;N;23009;Bever;N;;;;;;;;;
23016;Dilbeek;N;23016;Dilbeek;N;;;;;;;;;
23098;Drogenbos;N;23098;Drogenbos;N;;;;;;;;;
23023;Gammerages;N;23023;Galmaarden;N;;;;;;;;;
23024;Gooik;N;23024;Gooik;N;;;;;;;;;
23025;Grimbergen;N;23025;Grimbergen;N;;;;;;;;;
23027;Hal;N;23027;Halle;N;;;;;;;;;
23032;Herne;N;23032;Herne;N;;;;;;;;;
23033;Hoeilaart;N;23033;Hoeilaart;N;;;;;;;;;
23038;Kampenhout;N;23038;Kampenhout;N;;;;;;;;;
23039;Kapelle-op-den-Bos;N;23039;Kapelle-op-den-Bos;N;;;;;;;;;
23099;Kraainem;N;23099;Kraainem;N;;;;;;;;;
23104;Lennik;N;23104;Lennik;N;;;;;;;;;
23044;Liedekerke;N;23044;Liedekerke;N;;;;;;;;;
23100;Linkebeek;N;23100;Linkebeek;N;;;;;;;;;
23045;Londerzeel;N;23045;Londerzeel;N;;;;;;;;;
23047;Machelen;N;23047;Machelen;N;;;;;;;;;
23050;Meise;N;23050;Meise;N;;;;;;;;;
23052;Merchtem;N;23052;Merchtem;N;;;;;;;;;
23060;Opwijk;N;23060;Opwijk;N;;;;;;;;;
23062;Overijse;N;23062;Overijse;N;;;;;;;;;
23064;Pepingen;N;23064;Pepingen;N;;;;;;;;;
23101;Rhode-Saint-Genèse;N;23101;Sint-Genesius-Rode;N;;;;;;;;;
23097;Roosdaal;N;23097;Roosdaal;N;;;;;;;;;
23077;Sint-Pieters-Leeuw;N;23077;Sint-Pieters-Leeuw;N;;;;;;;;;
23081;Steenokkerzeel;N;23081;Steenokkerzeel;N;;;;;;;;;
23086;Ternat;N;23086;Ternat;N;;;;;;;;;
23088;Vilvorde;N;23088;Vilvoorde;N;;;;;;;;;
23102;Wemmel;N;23102;Wemmel;N;;;;;;;;;
23103;Wezembeek-Oppem;N;23103;Wezembeek-Oppem;N;;;;;;;;;
23094;Zaventem;N;23094;Zaventem;N;;;;;;;;;
23096;Zemst;N;23096;Zemst;N;;;;;;;;;
24000;Arrondissement de Louvain;;24000;Arrondissement Leuven;;;;;;;;;;
24001;Aarschot;N;24001;Aarschot;N;;;;;;;;;
24007;Begijnendijk;N;24007;Begijnendijk;N;;;;;;;;;
24008;Bekkevoort;N;24008;Bekkevoort;N;;;;;;;;;
24009;Bertem;N;24009;Bertem;N;;;;;;;;;
24011;Bierbeek;N;24011;Bierbeek;N;;;;;;;;;
24014;Boortmeerbeek;N;24014;Boortmeerbeek;N;;;;;;;;;
24016;Boutersem;N;24016;Boutersem;N;;;;;;;;;
24020;Diest;N;24020;Diest;N;;;;;;;;;
24028;Geetbets;N;24028;Geetbets;N;;;;;;;;;
24137;Glabbeek;N;24137;Glabbeek;N;;;;;;;;;
24033;Haacht;N;24033;Haacht;N;;;;;;;;;
24038;Herent;N;24038;Herent;N;;;;;;;;;
24041;Hoegaarden;N;24041;Hoegaarden;N;;;;;;;;;
24043;Holsbeek;N;24043;Holsbeek;N;;;;;;;;;
24045;Huldenberg;N;24045;Huldenberg;N;;;;;;;;;
24048;Keerbergen;N;24048;Keerbergen;N;;;;;;;;;
24054;Kortenaken;N;24054;Kortenaken;N;;;;;;;;;
24055;Kortenberg;N;24055;Kortenberg;N;;;;;;;;;
24059;Landen;N;24059;Landen;N;;;;;;;;;
24130;Léau;N;24130;Zoutleeuw;N;;;;;;;;;
24133;Linter;N;24133;Linter;N;;;;;;;;;
24062;Louvain;N;24062;Leuven;N;;;;;;;;;
24066;Lubbeek;N;24066;Lubbeek;N;;;;;;;;;
24134;Montaigu-Zichem;N;24134;Scherpenheuvel-Zichem;N;;;;;;;;;
24086;Oud-Heverlee;N;24086;Oud-Heverlee;N;;;;;;;;;
24094;Rotselaar;N;24094;Rotselaar;N;;;;;;;;;
24104;Tervuren;N;24104;Tervuren;N;;;;;;;;;
24135;Tielt-Winge;N;24135;Tielt-Winge;N;;;;;;;;;
24107;Tirlemont;N;24107;Tienen;N;;;;;;;;;
24109;Tremelo;N;24109;Tremelo;N;;;;;;;;;
30000;Province de Flandre Occidentale;;30000;Provincie West-Vlaanderen;;;;;;;;;;
31000;Arrondissement de Bruges;;31000;Arrondissement Brugge;;;;;;;;;;
31003;Beernem;N;31003;Beernem;N;;;;;;;;;
31004;Blankenberge;N;31004;Blankenberge;N;;;;;;;;;
31005;Bruges;N;31005;Brugge;N;;;;;;;;;
31006;Damme;N;31006;Damme;N;;;;;;;;;
31012;Jabbeke;N;31012;Jabbeke;N;;;;;;;;;
31043;Knokke-Heist;N;31043;Knokke-Heist;N;;;;;;;;;
31022;Oostkamp;N;31022;Oostkamp;N;;;;;;;;;
31033;Torhout;N;31033;Torhout;N;;;;;;;;;
31040;Zedelgem;N;31040;Zedelgem;N;;;;;;;;;
31042;Zuienkerke;N;31042;Zuienkerke;N;;;;;;;;;
34000;Arrondissement de Courtrai;;34000;Arrondissement Kortrijk;;;;;;;;;;
34002;Anzegem;N;34002;Anzegem;N;;;;;;;;;
34003;Avelgem;N;34003;Avelgem;N;;;;;;;;;
34022;Courtrai;N;34022;Kortrijk;N;;;;;;;;;
34009;Deerlijk;N;34009;Deerlijk;N;;;;;;;;;
34043;Espierres-Helchin;N;34043;Spiere-Helkijn;N;;;;;;;;;
34013;Harelbeke;N;34013;Harelbeke;N;;;;;;;;;
34023;Kuurne;N;34023;Kuurne;N;;;;;;;;;
34025;Lendelede;N;34025;Lendelede;N;;;;;;;;;
34027;Menin;N;34027;Menen;N;;;;;;;;;
34040;Waregem;N;34040;Waregem;N;;;;;;;;;
34041;Wevelgem;N;34041;Wevelgem;N;;;;;;;;;
34042;Zwevegem;N;34042;Zwevegem;N;;;;;;;;;
32000;Arrondissement de Dixmude;;32000;Arrondissement Diksmuide;;;;;;;;;;
32003;Dixmude;N;32003;Diksmuide;N;;;;;;;;;
32006;Houthulst;N;32006;Houthulst;N;;;;;;;;;
32010;Koekelare;N;32010;Koekelare;N;;;;;;;;;
32011;Kortemark;N;32011;Kortemark;N;;;;;;;;;
32030;Lo-Reninge;N;32030;Lo-Reninge;N;;;;;;;;;
38000;Arrondissement de Furnes;;38000;Arrondissement Veurne;;;;;;;;;;
38002;Alveringem;N;38002;Alveringem;N;;;;;;;;;
38025;Furnes;N;38025;Veurne;N;;;;;;;;;
38014;Koksijde;N;38014;Koksijde;N;;;;;;;;;
38008;La Panne;N;38008;De Panne;N;;;;;;;;;
38016;Nieuport;N;38016;Nieuwpoort;N;;;;;;;;;
35000;Arrondissement d'Ostende;;35000;Arrondissement Oostende;;;;;;;;;;
35002;Bredene;N;35002;Bredene;N;;;;;;;;;
35029;De Haan;N;35029;De Haan;N;;;;;;;;;
35005;Gistel;N;35005;Gistel;N;;;;;;;;;
35006;Ichtegem;N;35006;Ichtegem;N;;;;;;;;;
35011;Middelkerke;N;35011;Middelkerke;N;;;;;;;;;
35013;Ostende;N;35013;Oostende;N;;;;;;;;;
35014;Oudenburg;N;35014;Oudenburg;N;;;;;;;;;
36000;Arrondissement de Roulers;;36000;Arrondissement Roeselare;;;;;;;;;;
36006;Hooglede;N;36006;Hooglede;N;;;;;;;;;
36007;Ingelmunster;N;36007;Ingelmunster;N;;;;;;;;;
36008;Izegem;N;36008;Izegem;N;;;;;;;;;
36010;Ledegem;N;36010;Ledegem;N;;;;;;;;;
36011;Lichtervelde;N;36011;Lichtervelde;N;;;;;;;;;
36012;Moorslede;N;36012;Moorslede;N;;;;;;;;;
36015;Roulers;N;36015;Roeselare;N;;;;;;;;;
36019;Staden;N;36019;Staden;N;;;;;;;;;
37000;Arrondissement de Tielt;;37000;Arrondissement Tielt;;;;;;;;;;
37020;Ardooie;N;37020;Ardooie;N;;;;;;;;;
37002;Dentergem;N;37002;Dentergem;N;;;;;;;;;
37007;Meulebeke;N;37007;Meulebeke;N;;;;;;;;;
37010;Oostrozebeke;N;37010;Oostrozebeke;N;;;;;;;;;
37011;Pittem;N;37011;Pittem;N;;;;;;;;;
37012;Ruiselede;N;37012;Ruiselede;N;;;;;;;;;
37015;Tielt;N;37015;Tielt;N;;;;;;;;;
37017;Wielsbeke;N;37017;Wielsbeke;N;;;;;;;;;
37018;Wingene;N;37018;Wingene;N;;;;;;;;;
33000;Arrondissement d'Ypres;;33000;Arrondissement Ieper;;;;;;;;;;
33039;Heuvelland;N;33039;Heuvelland;N;;;;;;;;;
33040;Langemark-Poelkapelle;N;33040;Langemark-Poelkapelle;N;;;;;;;;;
33016;Messines;N;33016;Mesen;N;;;;;;;;;
33021;Poperinge;N;33021;Poperinge;N;;;;;;;;;
33041;Vleteren;N;33041;Vleteren;N;;;;;;;;;
33029;Wervik;N;33029;Wervik;N;;;;;;;;;
33011;Ypres;N;33011;Ieper;N;;;;;;;;;
33037;Zonnebeke;N;33037;Zonnebeke;N;;;;;;;;;
40000;Province de Flandre Orientale;;40000;Provincie Oost-Vlaanderen;;;;;;;;;;
41000;Arrondissement d'Alost;;41000;Arrondissement Aalst;;;;;;;;;;
41002;Alost;N;41002;Aalst;N;;;;;;;;;
41011;Denderleeuw;N;41011;Denderleeuw;N;;;;;;;;;
41082;Erpe-Mere;N;41082;Erpe-Mere;N;;;;;;;;;
41018;Grammont;N;41018;Geraardsbergen;N;;;;;;;;;
41024;Haaltert;N;41024;Haaltert;N;;;;;;;;;
41027;Herzele;N;41027;Herzele;N;;;;;;;;;
41034;Lede;N;41034;Lede;N;;;;;;;;;
41048;Ninove;N;41048;Ninove;N;;;;;;;;;
41063;Sint-Lievens-Houtem;N;41063;Sint-Lievens-Houtem;N;;;;;;;;;
41081;Zottegem;N;41081;Zottegem;N;;;;;;;;;
45000;Arrondissement d'Audenarde;;45000;Arrondissement Oudenaarde;;;;;;;;;;
45035;Audenarde;N;45035;Oudenaarde;N;;;;;;;;;
45059;Brakel;N;45059;Brakel;N;;;;;;;;;
45062;Horebeke;N;45062;Horebeke;N;;;;;;;;;
45060;Kluisbergen;N;45060;Kluisbergen;N;;;;;;;;;
45068;Kruisem;N;45068;Kruisem;N;;;;;;;;;
45063;Lierde;N;45063;Lierde;N;;;;;;;;;
45064;Maarkedal;N;45064;Maarkedal;N;;;;;;;;;
45041;Renaix;N;45041;Ronse;N;;;;;;;;;
45061;Wortegem-Petegem;N;45061;Wortegem-Petegem;N;;;;;;;;;
45065;Zwalm;N;45065;Zwalm;N;;;;;;;;;
43000;Arrondissement d'Eeklo;;43000;Arrondissement Eeklo;;;;;;;;;;
43002;Assenede;N;43002;Assenede;N;;;;;;;;;
43005;Eeklo;N;43005;Eeklo;N;;;;;;;;;
43007;Kaprijke;N;43007;Kaprijke;N;;;;;;;;;
43010;Maldegem;N;43010;Maldegem;N;;;;;;;;;
43014;Sint-Laureins;N;43014;Sint-Laureins;N;;;;;;;;;
43018;Zelzate;N;43018;Zelzate;N;;;;;;;;;
44000;Arrondissement de Gand;;44000;Arrondissement Gent;;;;;;;;;;
44084;Aalter;N;44084;Aalter;N;;;;;;;;;
44012;De Pinte;N;44012;De Pinte;N;;;;;;;;;
44083;Deinze;N;44083;Deinze;N;;;;;;;;;
44013;Destelbergen;N;44013;Destelbergen;N;;;;;;;;;
44019;Evergem;N;44019;Evergem;N;;;;;;;;;
44021;Gand;N;44021;Gent;N;;;;;;;;;
44020;Gavere;N;44020;Gavere;N;;;;;;;;;
44085;Lievegem;N;44085;Lievegem;N;;;;;;;;;
44034;Lochristi;N;44034;Lochristi;N;;;;;;;;;
44040;Melle;N;44040;Melle;N;;;;;;;;;
44043;Merelbeke;N;44043;Merelbeke;N;;;;;;;;;
44045;Moerbeke;N;44045;Moerbeke;N;;;;;;;;;
44048;Nazareth;N;44048;Nazareth;N;;;;;;;;;
44052;Oosterzele;N;44052;Oosterzele;N;;;;;;;;;
44064;Sint-Martens-Latem;N;44064;Sint-Martens-Latem;N;;;;;;;;;
44073;Wachtebeke;N;44073;Wachtebeke;N;;;;;;;;;
44081;Zulte;N;44081;Zulte;N;;;;;;;;;
46000;Arrondissement de Saint-Nicolas;;46000;Arrondissement Sint-Niklaas;;;;;;;;;;
46003;Beveren;N;46003;Beveren;N;;;;;;;;;
46013;Kruibeke;N;46013;Kruibeke;N;;;;;;;;;
46014;Lokeren;N;46014;Lokeren;N;;;;;;;;;
46021;Saint-Nicolas;N;46021;Sint-Niklaas;N;;;;;;;;;
46020;Sint-Gillis-Waas;N;46020;Sint-Gillis-Waas;N;;;;;;;;;
46024;Stekene;N;46024;Stekene;N;;;;;;;;;
46025;Tamise;N;46025;Temse;N;;;;;;;;;
42000;Arrondissement de Termonde;;42000;Arrondissement Dendermonde;;;;;;;;;;
42003;Berlare;N;42003;Berlare;N;;;;;;;;;
42004;Buggenhout;N;42004;Buggenhout;N;;;;;;;;;
42008;Hamme;N;42008;Hamme;N;;;;;;;;;
42010;Laarne;N;42010;Laarne;N;;;;;;;;;
42011;Lebbeke;N;42011;Lebbeke;N;;;;;;;;;
42006;Termonde;N;42006;Dendermonde;N;;;;;;;;;
42023;Waasmunster;N;42023;Waasmunster;N;;;;;;;;;
42025;Wetteren;N;42025;Wetteren;N;;;;;;;;;
42026;Wichelen;N;42026;Wichelen;N;;;;;;;;;
42028;Zele;N;42028;Zele;N;;;;;;;;;
70000;Province du Limbourg;;70000;Provincie Limburg;;;;;;;;;;
71000;Arrondissement de Hasselt;;71000;Arrondissement Hasselt;;;;;;;;;;
71002;As;N;71002;As;N;;;;;;;;;
71004;Beringen;N;71004;Beringen;N;;;;;;;;;
71034;Bourg-Léopold;N;71034;Leopoldsburg;N;;;;;;;;;
71011;Diepenbeek;N;71011;Diepenbeek;N;;;;;;;;;
71016;Genk;N;71016;Genk;N;;;;;;;;;
71017;Gingelom;N;71017;Gingelom;N;;;;;;;;;
71020;Halen;N;71020;Halen;N;;;;;;;;;
71069;Ham;N;71069;Ham;N;;;;;;;;;
71022;Hasselt;N;71022;Hasselt;N;;;;;;;;;
71024;Herck-la-Ville;N;71024;Herk-de-Stad;N;;;;;;;;;
71070;Heusden-Zolder;N;71070;Heusden-Zolder;N;;;;;;;;;
71037;Lummen;N;71037;Lummen;N;;;;;;;;;
71045;Nieuwerkerken;N;71045;Nieuwerkerken;N;;;;;;;;;
71053;Saint-Trond;N;71053;Sint-Truiden;N;;;;;;;;;
71057;Tessenderlo;N;71057;Tessenderlo;N;;;;;;;;;
71066;Zonhoven;N;71066;Zonhoven;N;;;;;;;;;
71067;Zutendaal;N;71067;Zutendaal;N;;;;;;;;;
72000;Arrondissement de Maaseik;;72000;Arrondissement Maaseik;;;;;;;;;;
72003;Bocholt;N;72003;Bocholt;N;;;;;;;;;
72004;Bree;N;72004;Bree;N;;;;;;;;;
72041;Dilsen-Stokkem;N;72041;Dilsen-Stokkem;N;;;;;;;;;
72037;Hamont-Achel;N;72037;Hamont-Achel;N;;;;;;;;;
72038;Hechtel-Eksel;N;72038;Hechtel-Eksel;N;;;;;;;;;
72039;Houthalen-Helchteren;N;72039;Houthalen-Helchteren;N;;;;;;;;;
72018;Kinrooi;N;72018;Kinrooi;N;;;;;;;;;
72020;Lommel;N;72020;Lommel;N;;;;;;;;;
72021;Maaseik;N;72021;Maaseik;N;;;;;;;;;
72042;Oudsbergen;N;72042;Oudsbergen;N;;;;;;;;;
72030;Peer;N;72030;Peer;N;;;;;;;;;
72043;Pelt;N;72043;Pelt;N;;;;;;;;;
73000;Arrondissement de Tongres;;73000;Arrondissement Tongeren;;;;;;;;;;
73001;Alken;N;73001;Alken;N;;;;;;;;;
73006;Bilzen;N;73006;Bilzen;N;;;;;;;;;
73109;Fourons;N;73109;Voeren;N;;;;;;;;;
73022;Heers;N;73022;Heers;N;;;;;;;;;
73028;Herstappe;N;73028;Herstappe;N;;;;;;;;;
73032;Hoeselt;N;73032;Hoeselt;N;;;;;;;;;
73040;Kortessem;N;73040;Kortessem;N;;;;;;;;;
73042;Lanaken;N;73042;Lanaken;N;;;;;;;;;
73009;Looz;N;73009;Borgloon;N;;;;;;;;;
73107;Maasmechelen;N;73107;Maasmechelen;N;;;;;;;;;
73066;Riemst;N;73066;Riemst;N;;;;;;;;;
73083;Tongres;N;73083;Tongeren;N;;;;;;;;;
73098;Wellen;N;73098;Wellen;N;;;;;;;;;
03000;RÉGION WALLONNE;;03000;WAALS GEWEST;;;;;;;;;;
20002;Province du Brabant Wallon;;20002;Provincie Waals-Brabant;;;;;;;;;;
25000;Arrondissement de Nivelles;;25000;Arrondissement Nijvel;;;;;;;;;;
25005;Beauvechain;F;25005;Bevekom;F;;;;;;;;;
25014;Braine-l'Alleud;F;25014;Eigenbrakel;F;;;;;;;;;
25015;Braine-le-Château;F;25015;Kasteelbrakel;F;;;;;;;;;
25117;Chastre;F;25117;Chastre;F;;;;;;;;;
25018;Chaumont-Gistoux;F;25018;Chaumont-Gistoux;F;;;;;;;;;
25023;Court-Saint-Etienne;F;25023;Court-Saint-Etienne;F;;;;;;;;;
25031;Genappe;F;25031;Genepien;F;;;;;;;;;
25037;Grez-Doiceau;F;25037;Graven;F;;;;;;;;;
25118;Hélécine;F;25118;Hélécine;F;;;;;;;;;
25043;Incourt;F;25043;Incourt;F;;;;;;;;;
25044;Ittre;F;25044;Itter;F;;;;;;;;;
25048;Jodoigne;F;25048;Geldenaken;F;;;;;;;;;
25050;La Hulpe;F;25050;Terhulpen;F;;;;;;;;;
25119;Lasne;F;25119;Lasne;F;;;;;;;;;
25068;Mont-Saint-Guibert;F;25068;Mont-Saint-Guibert;F;;;;;;;;;
25072;Nivelles;F;25072;Nijvel;F;;;;;;;;;
25120;Orp-Jauche;F;25120;Orp-Jauche;F;;;;;;;;;
25121;Ottignies-Louvain-la-Neuve;F;25121;Ottignies-Louvain-la-Neuve;F;;;;;;;;;
25084;Perwez;F;25084;Perwijs;F;;;;;;;;;
25122;Ramillies;F;25122;Ramillies;F;;;;;;;;;
25123;Rebecq;F;25123;Rebecq;F;;;;;;;;;
25091;Rixensart;F;25091;Rixensart;F;;;;;;;;;
25105;Tubize;F;25105;Tubeke;F;;;;;;;;;
25107;Villers-la-Ville;F;25107;Villers-la-Ville;F;;;;;;;;;
25124;Walhain;F;25124;Walhain;F;;;;;;;;;
25110;Waterloo;F;25110;Waterloo;F;;;;;;;;;
25112;Wavre;F;25112;Waver;F;;;;;;;;;
50000;Province du Hainaut;;50000;Provincie Henegouwen;;;;;;;;;;
51000;Arrondissement d'Ath;;51000;Arrondissement Aat;;;;;;;;;;
51004;Ath;F;51004;Aat;F;;;;;;;;;
51008;Beloeil;F;51008;Beloeil;F;;;;;;;;;
51009;Bernissart;F;51009;Bernissart;F;;;;;;;;;
51012;Brugelette;F;51012;Brugelette;F;;;;;;;;;
51014;Chièvres;F;51014;Chièvres;F;;;;;;;;;
51017;Ellezelles;F;51017;Elzele;F;;;;;;;;;
51067;Enghien;F;51067;Edingen;F;;;;;;;;;
51019;Flobecq;F;51019;Vloesberg;F;;;;;;;;;
51065;Frasnes-lez-Anvaing;F;51065;Frasnes-lez-Anvaing;F;;;;;;;;;
51069;Lessines;F;51069;Lessen;F;;;;;;;;;
51068;Silly;F;51068;Opzullik;F;;;;;;;;;
52000;Arrondissement de Charleroi;;52000;Arrondissement Charleroi;;;;;;;;;;
52074;Aiseau-Presles;F;52074;Aiseau-Presles;F;;;;;;;;;
52010;Chapelle-lez-Herlaimont;F;52010;Chapelle-lez-Herlaimont;F;;;;;;;;;
52011;Charleroi;F;52011;Charleroi;F;;;;;;;;;
52012;Châtelet;F;52012;Châtelet;F;;;;;;;;;
52015;Courcelles;F;52015;Courcelles;F;;;;;;;;;
52018;Farciennes;F;52018;Farciennes;F;;;;;;;;;
52021;Fleurus;F;52021;Fleurus;F;;;;;;;;;
52022;Fontaine-l'Evêque;F;52022;Fontaine-l'Evêque;F;;;;;;;;;
52025;Gerpinnes;F;52025;Gerpinnes;F;;;;;;;;;
52075;Les Bons Villers;F;52075;Les Bons Villers;F;;;;;;;;;
52048;Montigny-le-Tilleul;F;52048;Montigny-le-Tilleul;F;;;;;;;;;
52055;Pont-à-celles;F;52055;Pont-à-celles;F;;;;;;;;;
53000;Arrondissement de Mons;;53000;Arrondissement Bergen;;;;;;;;;;
53014;Boussu;F;53014;Boussu;F;;;;;;;;;
53082;Colfontaine;F;53082;Colfontaine;F;;;;;;;;;
53020;Dour;F;53020;Dour;F;;;;;;;;;
53028;Frameries;F;53028;Frameries;F;;;;;;;;;
53039;Hensies;F;53039;Hensies;F;;;;;;;;;
53083;Honnelles;F;53083;Honnelles;F;;;;;;;;;
53044;Jurbise;F;53044;Jurbeke;F;;;;;;;;;
53046;Lens;F;53046;Lens;F;;;;;;;;;
53053;Mons;F;53053;Bergen;F;;;;;;;;;
53065;Quaregnon;F;53065;Quaregnon;F;;;;;;;;;
53084;Quévy;F;53084;Quévy;F;;;;;;;;;
53068;Quiévrain;F;53068;Quiévrain;F;;;;;;;;;
53070;Saint-Ghislain;F;53070;Saint-Ghislain;F;;;;;;;;;
55000;Arrondissement de Soignies;;55000;Arrondissement Zinnik;;;;;;;;;;
55004;Braine-le-Comte;F;55004;'s Gravenbrakel;F;;;;;;;;;
55050;Ecaussinnes;F;55050;Ecaussinnes;F;;;;;;;;;
55035;Le Roeulx;F;55035;Le Roeulx;F;;;;;;;;;
55086;Manage;F;55086;Manage;F;;;;;;;;;
55085;Seneffe;F;55085;Seneffe;F;;;;;;;;;
55040;Soignies;F;55040;Zinnik;F;;;;;;;;;
56000;Arrondissement de Thuin;;56000;Arrondissement Thuin;;;;;;;;;;
56001;Anderlues;F;56001;Anderlues;F;;;;;;;;;
56005;Beaumont;F;56005;Beaumont;F;;;;;;;;;
56016;Chimay;F;56016;Chimay;F;;;;;;;;;
56022;Erquelinnes;F;56022;Erquelinnes;F;;;;;;;;;
56029;Froidchapelle;F;56029;Froidchapelle;F;;;;;;;;;
56086;Ham-sur-Heure-Nalinnes;F;56086;Ham-sur-Heure-Nalinnes;F;;;;;;;;;
56044;Lobbes;F;56044;Lobbes;F;;;;;;;;;
56049;Merbes-le-Château;F;56049;Merbes-le-Château;F;;;;;;;;;
56051;Momignies;F;56051;Momignies;F;;;;;;;;;
56088;Sivry-Rance;F;56088;Sivry-Rance;F;;;;;;;;;
56078;Thuin;F;56078;Thuin;F;;;;;;;;;
57000;Arrondissement de Tournai-Mouscron;;57000;Arrondissement Doornik-Moeskroen;;;;;;;;;;
57003;Antoing;F;57003;Antoing;F;;;;;;;;;
57093;Brunehaut;F;57093;Brunehaut;F;;;;;;;;;
57018;Celles;F;57018;Celles;F;;;;;;;;;
57097;Comines-Warneton;F;57097;Komen-Waasten;F;;;;;;;;;
57027;Estaimpuis;F;57027;Estaimpuis;F;;;;;;;;;
57094;Leuze-en-Hainaut;F;57094;Leuze-en-Hainaut;F;;;;;;;;;
57095;Mont-de-l'Enclus;F;57095;Mont-de-l'Enclus;F;;;;;;;;;
57096;Mouscron;F;57096;Moeskroen;F;;;;;;;;;
57062;Pecq;F;57062;Pecq;F;;;;;;;;;
57064;Péruwelz;F;57064;Péruwelz;F;;;;;;;;;
57072;Rumes;F;57072;Rumes;F;;;;;;;;;
57081;Tournai;F;57081;Doornik;F;;;;;;;;;
58000;Arrondissement de La Louvière;;58000;Arrondissement La Louvière;;;;;;;;;;
58001;La Louvière;F;58001;La Louvière;F;;;;;;;;;
58002;Binche;F;58002;Binche;F;;;;;;;;;
58003;Estinnes;F;58003;Estinnes;F;;;;;;;;;
58004;Morlanwelz;F;58004;Morlanwelz;F;;;;;;;;;
60000;Province de Liège;;60000;Provincie Luik;;;;;;;;;;
61000;Arrondissement de Huy;;61000;Arrondissement Hoei;;;;;;;;;;
61003;Amay;F;61003;Amay;F;;;;;;;;;
61079;Anthisnes;F;61079;Anthisnes;F;;;;;;;;;
61010;Burdinne;F;61010;Burdinne;F;;;;;;;;;
61012;Clavier;F;61012;Clavier;F;;;;;;;;;
61080;Engis;F;61080;Engis;F;;;;;;;;;
61019;Ferrières;F;61019;Ferrières;F;;;;;;;;;
61024;Hamoir;F;61024;Hamoir;F;;;;;;;;;
61028;Héron;F;61028;Héron;F;;;;;;;;;
61031;Huy;F;61031;Hoei;F;;;;;;;;;
61039;Marchin;F;61039;Marchin;F;;;;;;;;;
61041;Modave;F;61041;Modave;F;;;;;;;;;
61043;Nandrin;F;61043;Nandrin;F;;;;;;;;;
61048;Ouffet;F;61048;Ouffet;F;;;;;;;;;
61081;Tinlot;F;61081;Tinlot;F;;;;;;;;;
61063;Verlaine;F;61063;Verlaine;F;;;;;;;;;
61068;Villers-le-Bouillet;F;61068;Villers-le-Bouillet;F;;;;;;;;;
61072;Wanze;F;61072;Wanze;F;;;;;;;;;
62000;Arrondissement de Liège;;62000;Arrondissement Luik;;;;;;;;;;
62003;Ans;F;62003;Ans;F;;;;;;;;;
62006;Awans;F;62006;Awans;F;;;;;;;;;
62009;Aywaille;F;62009;Aywaille;F;;;;;;;;;
62011;Bassenge;F;62011;Bitsingen;F;;;;;;;;;
62015;Beyne-Heusay;F;62015;Beyne-Heusay;F;;;;;;;;;
62119;Blégny;F;62119;Blégny;F;;;;;;;;;
62022;Chaudfontaine;F;62022;Chaudfontaine;F;;;;;;;;;
62026;Comblain-au-Pont;F;62026;Comblain-au-Pont;F;;;;;;;;;
62027;Dalhem;F;62027;Dalhem;F;;;;;;;;;
62032;Esneux;F;62032;Esneux;F;;;;;;;;;
62120;Flémalle;F;62120;Flémalle;F;;;;;;;;;
62038;Fléron;F;62038;Fléron;F;;;;;;;;;
62118;Grâce-Hollogne;F;62118;Grâce-Hollogne;F;;;;;;;;;
62051;Herstal;F;62051;Herstal;F;;;;;;;;;
62060;Juprelle;F;62060;Juprelle;F;;;;;;;;;
62063;Liège;F;62063;Luik;F;;;;;;;;;
62121;Neupré;F;62121;Neupré;F;;;;;;;;;
62079;Oupeye;F;62079;Oupeye;F;;;;;;;;;
62093;Saint-Nicolas;F;62093;Saint-Nicolas;F;;;;;;;;;
62096;Seraing;F;62096;Seraing;F;;;;;;;;;
62099;Soumagne;F;62099;Soumagne;F;;;;;;;;;
62100;Sprimont;F;62100;Sprimont;F;;;;;;;;;
62122;Trooz;F;62122;Trooz;F;;;;;;;;;
62108;Visé;F;62108;Wezet;F;;;;;;;;;
63000;Arrondissement de Verviers;;63000;Arrondissement Verviers;;;;;;;;;;
63001;Amblève;D;63001;Amel;D;;;;;;;;;
63003;Aubel;F;63003;Aubel;F;;;;;;;;;
63004;Baelen;F;63004;Baelen;F;;;;;;;;;
63012;Bullange;D;63012;Büllingen;D;;;;;;;;;
63087;Burg-Reuland;D;63087;Burg-Reuland;D;;;;;;;;;
63013;Butgenbach;D;63013;Bütgenbach;D;;;;;;;;;
63020;Dison;F;63020;Dison;F;;;;;;;;;
63023;Eupen;D;63023;Eupen;D;;;;;;;;;
63035;Herve;F;63035;Herve;F;;;;;;;;;
63038;Jalhay;F;63038;Jalhay;F;;;;;;;;;
63040;La Calamine;D;63040;Kelmis;D;;;;;;;;;
63045;Lierneux;F;63045;Lierneux;F;;;;;;;;;
63046;Limbourg;F;63046;Limburg;F;;;;;;;;;
63048;Lontzen;D;63048;Lontzen;D;;;;;;;;;
63049;Malmedy;F;63049;Malmedy;F;;;;;;;;;
63057;Olne;F;63057;Olne;F;;;;;;;;;
63058;Pepinster;F;63058;Pepinster;F;;;;;;;;;
63088;Plombières;F;63088;Plombières;F;;;;;;;;;
63061;Raeren;D;63061;Raeren;D;;;;;;;;;
63067;Saint-Vith;D;63067;Sankt Vith;D;;;;;;;;;
63072;Spa;F;63072;Spa;F;;;;;;;;;
63073;Stavelot;F;63073;Stavelot;F;;;;;;;;;
63075;Stoumont;F;63075;Stoumont;F;;;;;;;;;
63076;Theux;F;63076;Theux;F;;;;;;;;;
63089;Thimister-Clermont;F;63089;Thimister-Clermont;F;;;;;;;;;
63086;Trois-Ponts;F;63086;Trois-Ponts;F;;;;;;;;;
63079;Verviers;F;63079;Verviers;F;;;;;;;;;
63080;Waimes;F;63080;Weismes;F;;;;;;;;;
63084;Welkenraedt;F;63084;Welkenraedt;F;;;;;;;;;
64000;Arrondissement de Waremme;;64000;Arrondissement Borgworm;;;;;;;;;;
64008;Berloz;F;64008;Berloz;F;;;;;;;;;
64015;Braives;F;64015;Braives;F;;;;;;;;;
64021;Crisnée;F;64021;Crisnée;F;;;;;;;;;
64023;Donceel;F;64023;Donceel;F;;;;;;;;;
64076;Faimes;F;64076;Faimes;F;;;;;;;;;
64025;Fexhe-le-Haut-Clocher;F;64025;Fexhe-le-Haut-Clocher;F;;;;;;;;;
64029;Geer;F;64029;Geer;F;;;;;;;;;
64034;Hannut;F;64034;Hannuit;F;;;;;;;;;
64047;Lincent;F;64047;Lijsem;F;;;;;;;;;
64056;Oreye;F;64056;Oerle;F;;;;;;;;;
64063;Remicourt;F;64063;Remicourt;F;;;;;;;;;
64065;Saint-Georges-sur-Meuse;F;64065;Saint-Georges-sur-Meuse;F;;;;;;;;;
64074;Waremme;F;64074;Borgworm;F;;;;;;;;;
64075;Wasseiges;F;64075;Wasseiges;F;;;;;;;;;
80000;Province du Luxembourg;;80000;Provincie Luxemburg;;;;;;;;;;
81000;Arrondissement d'Arlon;;81000;Arrondissement Aarlen;;;;;;;;;;
81001;Arlon;F;81001;Aarlen;F;;;;;;;;;
81003;Attert;F;81003;Attert;F;;;;;;;;;
81004;Aubange;F;81004;Aubange;F;;;;;;;;;
81013;Martelange;F;81013;Martelange;F;;;;;;;;;
81015;Messancy;F;81015;Messancy;F;;;;;;;;;
82000;Arrondissement de Bastogne;;82000;Arrondissement Bastenaken;;;;;;;;;;
82003;Bastogne;F;82003;Bastenaken;F;;;;;;;;;
82005;Bertogne;F;82005;Bertogne;F;;;;;;;;;
82009;Fauvillers;F;82009;Fauvillers;F;;;;;;;;;
82037;Gouvy;F;82037;Gouvy;F;;;;;;;;;
82014;Houffalize;F;82014;Houffalize;F;;;;;;;;;
82038;Sainte-Ode;F;82038;Sainte-Ode;F;;;;;;;;;
82036;Vaux-sur-Sûre;F;82036;Vaux-sur-Sûre;F;;;;;;;;;
82032;Vielsalm;F;82032;Vielsalm;F;;;;;;;;;
83000;Arrondissement de Marche-en-Famenne;;83000;Arrondissement Marche-en-Famenne;;;;;;;;;;
83012;Durbuy;F;83012;Durbuy;F;;;;;;;;;
83013;Erezée;F;83013;Erezée;F;;;;;;;;;
83028;Hotton;F;83028;Hotton;F;;;;;;;;;
83031;La Roche-en-Ardenne;F;83031;La Roche-en-Ardenne;F;;;;;;;;;
83055;Manhay;F;83055;Manhay;F;;;;;;;;;
83034;Marche-en-Famenne;F;83034;Marche-en-Famenne;F;;;;;;;;;
83040;Nassogne;F;83040;Nassogne;F;;;;;;;;;
83044;Rendeux;F;83044;Rendeux;F;;;;;;;;;
83049;Tenneville;F;83049;Tenneville;F;;;;;;;;;
84000;Arrondissement de Neufchâteau;;84000;Arrondissement Neufchâteau;;;;;;;;;;
84009;Bertrix;F;84009;Bertrix;F;;;;;;;;;
84010;Bouillon;F;84010;Bouillon;F;;;;;;;;;
84016;Daverdisse;F;84016;Daverdisse;F;;;;;;;;;
84029;Herbeumont;F;84029;Herbeumont;F;;;;;;;;;
84033;Léglise;F;84033;Léglise;F;;;;;;;;;
84035;Libin;F;84035;Libin;F;;;;;;;;;
84077;Libramont-Chevigny;F;84077;Libramont-Chevigny;F;;;;;;;;;
84043;Neufchâteau;F;84043;Neufchâteau;F;;;;;;;;;
84050;Paliseul;F;84050;Paliseul;F;;;;;;;;;
84059;Saint-Hubert;F;84059;Saint-Hubert;F;;;;;;;;;
84068;Tellin;F;84068;Tellin;F;;;;;;;;;
84075;Wellin;F;84075;Wellin;F;;;;;;;;;
85000;Arrondissement de Virton;;85000;Arrondissement Virton;;;;;;;;;;
85007;Chiny;F;85007;Chiny;F;;;;;;;;;
85009;Etalle;F;85009;Etalle;F;;;;;;;;;
85011;Florenville;F;85011;Florenville;F;;;;;;;;;
85046;Habay;F;85046;Habay;F;;;;;;;;;
85024;Meix-devant-Virton;F;85024;Meix-devant-Virton;F;;;;;;;;;
85026;Musson;F;85026;Musson;F;;;;;;;;;
85047;Rouvroy;F;85047;Rouvroy;F;;;;;;;;;
85034;Saint-Léger;F;85034;Saint-Léger;F;;;;;;;;;
85039;Tintigny;F;85039;Tintigny;F;;;;;;;;;
85045;Virton;F;85045;Virton;F;;;;;;;;;
90000;Province de Namur;;90000;Provincie Namen;;;;;;;;;;
91000;Arrondissement de Dinant;;91000;Arrondissement Dinant;;;;;;;;;;
91005;Anhée;F;91005;Anhée;F;;;;;;;;;
91013;Beauraing;F;91013;Beauraing;F;;;;;;;;;
91015;Bièvre;F;91015;Bièvre;F;;;;;;;;;
91030;Ciney;F;91030;Ciney;F;;;;;;;;;
91034;Dinant;F;91034;Dinant;F;;;;;;;;;
91054;Gedinne;F;91054;Gedinne;F;;;;;;;;;
91059;Hamois;F;91059;Hamois;F;;;;;;;;;
91142;Hastière;F;91142;Hastière;F;;;;;;;;;
91064;Havelange;F;91064;Havelange;F;;;;;;;;;
91072;Houyet;F;91072;Houyet;F;;;;;;;;;
91103;Onhaye;F;91103;Onhaye;F;;;;;;;;;
91114;Rochefort;F;91114;Rochefort;F;;;;;;;;;
91120;Somme-Leuze;F;91120;Somme-Leuze;F;;;;;;;;;
91143;Vresse-sur-Semois;F;91143;Vresse-sur-Semois;F;;;;;;;;;
91141;Yvoir;F;91141;Yvoir;F;;;;;;;;;
92000;Arrondissement de Namur;;92000;Arrondissement Namen;;;;;;;;;;
92003;Andenne;F;92003;Andenne;F;;;;;;;;;
92006;Assesse;F;92006;Assesse;F;;;;;;;;;
92035;Eghezée;F;92035;Eghezée;F;;;;;;;;;
92138;Fernelmont;F;92138;Fernelmont;F;;;;;;;;;
92045;Floreffe;F;92045;Floreffe;F;;;;;;;;;
92048;Fosses-la-Ville;F;92048;Fosses-la-Ville;F;;;;;;;;;
92142;Gembloux;F;92142;Gembloux;F;;;;;;;;;
92054;Gesves;F;92054;Gesves;F;;;;;;;;;
92140;Jemeppe-sur-Sambre;F;92140;Jemeppe-sur-Sambre;F;;;;;;;;;
92141;La Bruyère;F;92141;La Bruyère;F;;;;;;;;;
92087;Mettet;F;92087;Mettet;F;;;;;;;;;
92094;Namur;F;92094;Namen;F;;;;;;;;;
92097;Ohey;F;92097;Ohey;F;;;;;;;;;
92101;Profondeville;F;92101;Profondeville;F;;;;;;;;;
92137;Sambreville;F;92137;Sambreville;F;;;;;;;;;
92114;Sombreffe;F;92114;Sombreffe;F;;;;;;;;;
93000;Arrondissement de Philippeville;;93000;Arrondissement Philippeville;;;;;;;;;;
93010;Cerfontaine;F;93010;Cerfontaine;F;;;;;;;;;
93014;Couvin;F;93014;Couvin;F;;;;;;;;;
93018;Doische;F;93018;Doische;F;;;;;;;;;
93022;Florennes;F;93022;Florennes;F;;;;;;;;;
93056;Philippeville;F;93056;Philippeville;F;;;;;;;;;
93090;Viroinval;F;93090;Viroinval;F;;;;;;;;;
93088;Walcourt;F;93088;Walcourt;F;;;;;;;;;